code_departement,departement,colleges,classes,ips_seul,note_seule,accord_classer,part_ips_seul,part_note_seule,part_desaccord
01,AIN,51,4,2,4,1,3.92,7.84,85.71
02,AISNE,57,15,11,6,9,19.3,10.53,65.38
03,ALLIER,36,6,2,3,1,5.56,8.33,83.33
04,ALPES-DE-HAUTE-PROVENCE,18,1,0,2,1,0.0,11.11,66.67
05,HAUTES-ALPES,14,1,0,0,0,0.0,0.0,
06,ALPES-MARITIMES,73,8,3,3,5,4.11,4.11,54.55
07,ARDECHE,26,2,1,0,2,3.85,0.0,33.33
08,ARDENNES,33,10,6,2,5,18.18,6.06,61.54
09,ARIEGE,14,2,0,3,1,0.0,21.43,75.0
10,AUBE,25,7,2,1,6,8.0,4.0,33.33
11,AUDE,28,2,1,2,0,3.57,7.14,100.0
12,AVEYRON,21,2,1,0,0,4.76,0.0,100.0
13,BOUCHES-DU-RHONE,137,47,5,7,41,3.65,5.11,22.64
14,CALVADOS,57,6,5,1,4,8.77,1.75,60.0
15,CANTAL,19,0,0,0,0,0.0,0.0,
16,CHARENTE,38,4,3,2,4,7.89,5.26,55.56
17,CHARENTE-MARITIME,51,2,0,2,1,0.0,3.92,66.67
18,CHER,26,4,2,1,2,7.69,3.85,60.0
19,CORREZE,24,1,1,1,0,4.17,4.17,100.0
21,COTE D'OR,44,3,3,0,1,6.82,0.0,75.0
22,COTES D'ARMOR,46,3,1,2,2,2.17,4.35,60.0
23,CREUSE,18,1,0,1,0,0.0,5.56,100.0
24,DORDOGNE,38,5,1,3,2,2.63,7.89,66.67
25,DOUBS,44,7,3,1,7,6.82,2.27,36.36
26,DROME,38,8,2,1,5,5.26,2.63,37.5
27,EURE,55,6,2,10,5,3.64,18.18,70.59
28,EURE-ET-LOIR,39,9,2,5,4,5.13,12.82,63.64
29,FINISTERE,60,4,2,0,1,3.33,0.0,66.67
2A,CORSE-DU-SUD,13,6,2,4,1,15.38,30.77,85.71
2B,HAUTE-CORSE,15,5,3,1,5,20.0,6.67,44.44
30,GARD,52,12,2,3,9,3.85,5.77,35.71
31,HAUTE-GARONNE,100,7,2,4,5,2.0,4.0,54.55
32,GERS,20,0,1,0,0,5.0,0.0,100.0
33,GIRONDE,111,18,6,8,10,5.41,7.21,58.33
34,HERAULT,78,12,7,3,7,8.97,3.85,58.82
35,ILLE-ET-VILAINE,62,7,5,4,2,8.06,6.45,81.82
36,INDRE,26,2,0,1,1,0.0,3.85,50.0
37,INDRE-ET-LOIRE,53,4,2,2,1,3.77,3.77,80.0
38,ISERE,97,13,2,6,12,2.06,6.19,40.0
39,JURA,27,2,0,0,1,0.0,0.0,0.0
40,LANDES,39,3,2,0,1,5.13,0.0,66.67
41,LOIR-ET-CHER,27,3,1,2,2,3.7,7.41,60.0
42,LOIRE,50,12,5,2,9,10.0,4.0,43.75
43,HAUTE-LOIRE,19,0,1,0,0,5.26,0.0,100.0
44,LOIRE-ATLANTIQUE,81,10,0,4,6,0.0,4.94,40.0
45,LOIRET,58,8,5,1,8,8.62,1.72,42.86
46,LOT,18,0,0,0,0,0.0,0.0,
47,LOT-ET-GARONNE,28,5,5,4,4,17.86,14.29,69.23
48,LOZERE,9,0,0,0,0,0.0,0.0,
49,MAINE-ET-LOIRE,50,7,3,2,9,6.0,4.0,35.71
50,MANCHE,52,5,2,4,0,3.85,7.69,100.0
51,MARNE,47,9,1,4,7,2.13,8.51,41.67
52,HAUTE-MARNE,23,4,1,3,2,4.35,13.04,66.67
53,MAYENNE,27,1,2,1,1,7.41,3.7,75.0
54,MEURTHE-ET-MOSELLE,66,8,5,2,5,7.58,3.03,58.33
55,MEUSE,22,3,1,1,1,4.55,4.55,66.67
56,MORBIHAN,42,2,0,2,3,0.0,4.76,40.0
57,MOSELLE,90,17,8,7,12,8.89,7.78,55.56
58,NIEVRE,26,5,2,2,0,7.69,7.69,100.0
59,NORD,200,76,15,24,60,7.5,12.0,39.39
60,OISE,66,14,2,11,9,3.03,16.67,59.09
61,ORNE,31,3,3,1,2,9.68,3.23,66.67
62,PAS-DE-CALAIS,125,42,17,8,26,13.6,6.4,49.02
63,PUY-DE-DOME,52,5,1,1,6,1.92,1.92,25.0
64,PYRENEES-ATLANTIQUES,49,3,1,0,2,2.04,0.0,33.33
65,HAUTES-PYRENEES,18,1,1,1,0,5.56,5.56,100.0
66,PYRENEES-ORIENTALES,31,6,0,2,6,0.0,6.45,25.0
67,BAS-RHIN,89,12,1,4,8,1.12,4.49,38.46
68,HAUT-RHIN,57,9,3,0,9,5.26,0.0,25.0
69,RHONE,116,33,10,11,22,8.62,9.48,48.84
70,HAUTE-SAONE,23,4,1,4,2,4.35,17.39,71.43
71,SAONE-ET-LOIRE,51,7,4,4,4,7.84,7.84,66.67
72,SARTHE,56,7,2,2,4,3.57,3.57,50.0
73,SAVOIE,38,2,1,0,0,2.63,0.0,100.0
74,HAUTE-SAVOIE,50,4,2,1,2,4.0,2.0,60.0
75,PARIS,113,29,9,9,20,7.96,7.96,47.37
76,SEINE-MARITIME,109,36,13,9,20,11.93,8.26,52.38
77,SEINE-ET-MARNE,129,17,2,12,15,1.55,9.3,48.28
78,YVELINES,116,19,1,3,15,0.86,2.59,21.05
79,DEUX-SEVRES,35,4,2,2,0,5.71,5.71,100.0
80,SOMME,50,14,7,3,5,14.0,6.0,66.67
81,TARN,31,4,2,1,2,6.45,3.23,60.0
82,TARN-ET-GARONNE,18,2,3,1,0,16.67,5.56,100.0
83,VAR,71,6,2,2,4,2.82,2.82,50.0
84,VAUCLUSE,41,13,5,1,10,12.2,2.44,37.5
85,VENDEE,34,4,2,0,0,5.88,0.0,100.0
86,VIENNE,34,4,3,2,1,8.82,5.88,83.33
87,HAUTE-VIENNE,34,5,2,1,4,5.88,2.94,42.86
88,VOSGES,38,6,0,4,2,0.0,10.53,66.67
89,YONNE,30,6,5,8,2,16.67,26.67,86.67
90,TERRITOIRE DE BELFORT,13,3,2,1,0,15.38,7.69,100.0
91,ESSONNE,100,22,2,4,26,2.0,4.0,18.75
92,HAUTS-DE-SEINE,98,20,7,5,6,7.14,5.1,66.67
93,SEINE-SAINT-DENIS,130,81,19,10,68,14.62,7.69,29.9
94,VAL-DE-MARNE,108,37,11,10,20,10.19,9.26,51.22
95,VAL-D'OISE,113,36,9,7,31,7.96,6.19,34.04
971,GUADELOUPE,42,13,4,4,9,9.52,9.52,47.06
972,MARTINIQUE,43,22,6,6,16,13.95,13.95,42.86
973,GUYANE,31,30,0,0,30,0.0,0.0,0.0
974,LA REUNION,78,45,8,8,37,10.26,10.26,30.19
976,MAYOTTE,22,22,0,0,22,0.0,0.0,0.0
