code_departement,departement,colleges,defavorises,non_couverts,ips_median,couverture_pct
01,AIN,52,2,0,106.4,100.0
02,AISNE,57,10,1,90.9,90.0
03,ALLIER,37,1,0,97.2,100.0
04,ALPES-DE-HAUTE-PROVENCE,19,0,0,103.9,
05,HAUTES-ALPES,14,0,0,108.65,
06,ALPES-MARITIMES,73,6,1,102.4,83.3
07,ARDECHE,26,0,0,102.25,
08,ARDENNES,34,5,0,92.3,100.0
09,ARIEGE,14,0,0,103.65,
10,AUBE,25,1,0,94.5,100.0
11,AUDE,28,1,0,96.65,100.0
12,AVEYRON,22,0,0,103.8,
13,BOUCHES-DU-RHONE,138,33,1,100.65,97.0
14,CALVADOS,57,1,0,102.7,100.0
15,CANTAL,22,0,0,100.95,
16,CHARENTE,38,2,0,98.25,100.0
17,CHARENTE-MARITIME,51,1,0,101.5,100.0
18,CHER,26,1,0,95.7,100.0
19,CORREZE,25,1,0,104.6,100.0
21,COTE D'OR,47,1,0,104.1,100.0
22,COTES D'ARMOR,46,0,0,101.05,
23,CREUSE,18,0,0,100.65,
24,DORDOGNE,38,0,0,98.0,
25,DOUBS,44,7,0,100.4,100.0
26,DROME,38,2,0,103.35,100.0
27,EURE,55,2,0,98.0,100.0
28,EURE-ET-LOIR,39,5,0,98.1,100.0
29,FINISTERE,62,1,0,104.6,100.0
2A,CORSE-DU-SUD,14,0,0,99.05000000000001,
2B,HAUTE-CORSE,15,1,0,96.6,100.0
30,GARD,53,8,1,102.0,87.5
31,HAUTE-GARONNE,102,3,0,111.25,100.0
32,GERS,21,0,0,104.4,
33,GIRONDE,112,1,0,107.35,100.0
34,HERAULT,78,12,2,103.19999999999999,83.3
35,ILLE-ET-VILAINE,62,3,1,107.8,66.7
36,INDRE,27,1,0,97.4,100.0
37,INDRE-ET-LOIRE,53,3,0,102.3,100.0
38,ISERE,97,4,0,107.2,100.0
39,JURA,27,0,0,102.5,
40,LANDES,39,0,0,103.4,
41,LOIR-ET-CHER,27,2,0,98.9,100.0
42,LOIRE,50,10,3,100.35,70.0
43,HAUTE-LOIRE,22,0,0,101.9,
44,LOIRE-ATLANTIQUE,82,4,0,109.4,100.0
45,LOIRET,58,7,1,99.75,85.7
46,LOT,19,0,0,102.4,
47,LOT-ET-GARONNE,28,1,0,97.15,100.0
48,LOZERE,12,0,0,103.9,
49,MAINE-ET-LOIRE,50,5,0,95.5,100.0
50,MANCHE,52,0,0,98.6,
51,MARNE,47,5,0,96.7,100.0
52,HAUTE-MARNE,23,1,0,91.1,100.0
53,MAYENNE,27,1,0,98.5,100.0
54,MEURTHE-ET-MOSELLE,66,7,2,101.2,71.4
55,MEUSE,22,1,0,94.25,100.0
56,MORBIHAN,42,1,0,103.6,100.0
57,MOSELLE,90,12,1,95.55000000000001,91.7
58,NIEVRE,30,0,0,99.45,
59,NORD,200,55,4,90.3,92.7
60,OISE,66,6,0,99.6,100.0
61,ORNE,31,1,0,95.6,100.0
62,PAS-DE-CALAIS,125,26,3,88.8,88.5
63,PUY-DE-DOME,56,4,1,101.8,75.0
64,PYRENEES-ATLANTIQUES,49,0,0,105.6,
65,HAUTES-PYRENEES,20,0,0,102.65,
66,PYRENEES-ORIENTALES,31,6,1,97.5,83.3
67,BAS-RHIN,90,9,0,102.7,100.0
68,HAUT-RHIN,57,9,1,99.1,88.9
69,RHONE,116,20,1,101.4,95.0
70,HAUTE-SAONE,23,0,0,97.2,
71,SAONE-ET-LOIRE,51,2,0,100.7,100.0
72,SARTHE,56,5,0,97.15,100.0
73,SAVOIE,38,1,0,112.2,100.0
74,HAUTE-SAVOIE,50,0,0,107.0,
75,PARIS,114,1,0,117.05,100.0
76,SEINE-MARITIME,109,14,0,95.9,100.0
77,SEINE-ET-MARNE,132,5,0,105.8,100.0
78,YVELINES,116,7,0,117.1,100.0
79,DEUX-SEVRES,35,0,0,98.5,
80,SOMME,50,6,0,90.7,100.0
81,TARN,31,1,1,103.7,0.0
82,TARN-ET-GARONNE,18,0,0,98.5,
83,VAR,71,4,2,101.8,50.0
84,VAUCLUSE,41,8,0,94.9,100.0
85,VENDEE,34,0,0,98.35,
86,VIENNE,34,0,0,101.25,
87,HAUTE-VIENNE,34,1,0,101.1,100.0
88,VOSGES,38,1,0,96.55,100.0
89,YONNE,30,0,0,100.05,
90,TERRITOIRE DE BELFORT,13,1,0,98.8,100.0
91,ESSONNE,101,9,1,103.8,88.9
92,HAUTS-DE-SEINE,99,1,0,119.1,100.0
93,SEINE-SAINT-DENIS,130,42,1,86.3,97.6
94,VAL-DE-MARNE,108,7,0,99.8,100.0
95,VAL-D'OISE,114,17,0,100.0,100.0
971,GUADELOUPE,46,4,1,91.8,75.0
972,MARTINIQUE,43,7,1,91.5,85.7
973,GUYANE,33,23,0,76.2,100.0
974,LA REUNION,78,36,1,82.25,97.2
976,MAYOTTE,22,18,0,70.25,100.0
