uai,nom,secteur,ep,ips,ecart_type_ips,note_ecrit_dnb,nb_candidats_dnb,code_commune,nom_commune,code_departement,departement,code_academie,academie,latitude,longitude,rang_social,classe_ep,zone
0021489H,Collège Charles de Gaulle,public,hors EP,80.4,23.5,10.1,42.0,02502,MONTCORNET,02,AISNE,20,AMIENS,49.69109206546104,4.022158968885628,0.0911737089201878,False,metropole
0060045S,Collège Antoine Risso,public,hors EP,77.9,22.8,10.2,100.0,06088,NICE,06,ALPES-MARITIMES,23,NICE,43.70745335207465,7.285264302320845,0.06901408450704226,False,metropole
0133765X,Collège Marc Ferrandi,public,hors EP,79.6,31.4,9.3,103.0,13106,SEPTEMES LES VALLONS,13,BOUCHES-DU-RHONE,2,AIX-MARSEILLE,43.40801926411576,5.37095999727625,0.08497652582159625,False,metropole
0300947S,Collège Alphonse Daudet,public,hors EP,76.3,26.7,8.4,113.0,30007,ALES,30,GARD,11,MONTPELLIER,44.13529242355033,4.085849458058714,0.05502347417840375,False,metropole
0340016H,Collège la Dullague,public,hors EP,75.8,25.1,7.3,117.0,34032,BEZIERS,34,HERAULT,11,MONTPELLIER,43.343229897748,3.23350544036122,0.05051643192488263,False,metropole
0342132H,Collège Lucie Aubrac,public,hors EP,74.8,26.3,7.3,101.0,34032,BEZIERS,34,HERAULT,11,MONTPELLIER,43.35200862277546,3.221770488548698,0.04469483568075117,False,metropole
0350967L,Collège Mahatma Gandhi,public,hors EP,81.2,29.1,10.8,48.0,35115,FOUGERES,35,ILLE-ET-VILAINE,14,RENNES,48.367553590717336,-1.1804104642000366,0.09774647887323944,False,metropole
0421570D,Collège les Bruneaux,public,hors EP,79.9,26.8,9.7,52.0,42095,FIRMINY,42,LOIRE,10,LYON,45.38055274163099,4.279589776387666,0.0867605633802817,False,metropole
0421678W,Collège Honoré d'Urfé,public,hors EP,78.4,31.0,7.6,202.0,42218,SAINT ETIENNE,42,LOIRE,10,LYON,45.41440785227719,4.389370319056391,0.0736150234741784,False,metropole
0421681Z,Collège Waldeck Rousseau,public,hors EP,76.4,26.0,8.3,70.0,42095,FIRMINY,42,LOIRE,10,LYON,45.385795613088646,4.288569548757258,0.05615023474178404,False,metropole
0450055R,Collège Étienne Dolet,public,hors EP,80.3,30.8,9.3,119.0,45234,ORLEANS,45,LOIRET,18,ORLEANS-TOURS,47.883916757288006,1.90635010451614,0.09004694835680752,False,metropole
0540111C,Collège Jacques Callot,public,hors EP,78.5,29.7,10.1,117.0,54547,VANDOEUVRE LES NANCY,54,MEURTHE-ET-MOSELLE,12,NANCY-METZ,48.66599311776567,6.161119410728105,0.07502347417840376,False,metropole
0541288G,Collège Vauban,public,hors EP,81.1,26.8,8.2,99.0,54323,LONGWY,54,MEURTHE-ET-MOSELLE,12,NANCY-METZ,49.520430343173885,5.762499859335035,0.09718309859154929,False,metropole
0570069R,Collège Jules Lagneau,public,hors EP,77.3,28.0,7.8,83.0,57463,METZ,57,MOSELLE,12,NANCY-METZ,49.1200744448891,6.197589709110649,0.0631924882629108,False,metropole
0590046E,Collège Jean Monnet,public,hors EP,81.5,27.2,9.1,168.0,59139,CAUDRY,59,NORD,9,LILLE,50.12676022256164,3.4039695542541724,0.09887323943661971,False,metropole
0594294X,Collège Henri Dunant,public,hors EP,80.2,23.6,9.5,62.0,59400,MERVILLE,59,NORD,9,LILLE,50.64897069452894,2.638800542120294,0.08873239436619719,False,metropole
0594397J,Collège Jean Rostand,public,hors EP,80.1,27.3,8.4,104.0,59017,ARMENTIERES,59,NORD,9,LILLE,50.68779925676303,2.866820491853828,0.08779342723004695,False,metropole
0595177G,Collège Camille Claudel,public,hors EP,81.6,28.4,9.2,52.0,59249,FOURMIES,59,NORD,9,LILLE,50.01066928717324,4.042290607143839,0.09971830985915493,False,metropole
0622097T,Collège Jean Rostand,public,hors EP,80.7,22.5,9.8,35.0,62050,AUCHY LES HESDIN,62,PAS-DE-CALAIS,9,LILLE,50.40309660977085,2.09708054059803,0.09436619718309859,False,metropole
0622417R,Collège Michelet,public,hors EP,77.7,26.9,8.6,90.0,62498,LENS,62,PAS-DE-CALAIS,9,LILLE,50.4298593304873,2.826930432308774,0.06685446009389671,False,metropole
0622431F,Collège République,public,hors EP,77.6,25.4,11.1,62.0,62193,CALAIS,62,PAS-DE-CALAIS,9,LILLE,50.95129983940826,1.858710308123196,0.06582159624413146,False,metropole
0631120A,Collège Gérard Philipe,public,hors EP,71.4,23.6,7.3,93.0,63113,CLERMONT FERRAND,63,PUY-DE-DOME,6,CLERMONT-FERRAND,45.79713209171927,3.1150399561108566,0.023474178403755867,False,metropole
0660019M,Collège Saint-Exupéry,public,hors EP,76.3,25.7,8.4,155.0,66136,PERPIGNAN,66,PYRENEES-ORIENTALES,11,MONTPELLIER,42.68094046567639,2.902787058162288,0.05502347417840375,False,metropole
0681757R,Collège Anne Frank,public,hors EP,78.5,25.0,8.2,88.0,68154,ILLZACH,68,HAUT-RHIN,15,STRASBOURG,47.76341036026922,7.368231318262159,0.07502347417840376,False,metropole
0692583H,Collège Paul Vallon,public,hors EP,79.6,27.5,8.0,117.0,69091,GIVORS,69,RHONE,10,LYON,45.56947317596296,4.794823967779179,0.08497652582159625,False,metropole
0810061B,Collège Jean Monnet,public,hors EP,81.5,29.6,9.0,102.0,81065,CASTRES,81,TARN,16,TOULOUSE,43.61020692795405,2.262001768855016,0.09887323943661971,False,metropole
0830954L,Collège Voltaire,public,hors EP,80.9,28.3,9.4,106.0,83137,TOULON,83,VAR,23,NICE,43.12474589799971,5.953626133500685,0.09586854460093897,False,metropole
0830955M,Collège George Sand,public,hors EP,79.9,27.0,8.0,68.0,83137,TOULON,83,VAR,23,NICE,43.1295936654314,5.915652061746194,0.0867605633802817,False,metropole
0911444A,Collège Montesquieu,public,hors EP,71.8,26.2,8.3,130.0,91228,EVRY COURCOURONNES,91,ESSONNE,25,VERSAILLES,48.63969570662481,2.435068803876908,0.027042253521126762,False,metropole
0931187K,Collège Didier Daurat,public,hors EP,79.6,26.2,8.6,164.0,93013,LE BOURGET,93,SEINE-SAINT-DENIS,24,CRETEIL,48.93507397741752,2.417903287605151,0.08497652582159625,False,metropole
9710072B,Collège Jules Michelet,public,hors EP,78.6,23.0,5.9,41.0,97120,POINTE A PITRE,971,GUADELOUPE,32,GUADELOUPE,16.237373451975248,-61.53550846137415,0.07624413145539906,False,outre-mer
9720052Z,Collège Julia Nicolas,public,hors EP,75.4,23.5,6.0,55.0,97209,FORT DE FRANCE,972,MARTINIQUE,31,MARTINIQUE,14.605006324249858,-61.06635696326365,0.047417840375586856,False,outre-mer
9740468R,Collège Bory de Saint-Vincent,public,hors EP,79.6,29.8,8.9,72.0,97417,SAINT PHILIPPE,974,LA REUNION,28,LA REUNION,-21.362268094781665,55.76738453160387,0.08497652582159625,False,outre-mer
