academie,colleges,ips_moyen,eval6_moyen,classes_ep,eval6_manquant,part_ep,attendu,residu,atypique
AIX-MARSEILLE,212,98.651,248.927,62,0,29.245,250.103,-1.176,False
AMIENS,173,94.482,244.173,43,0,24.855,243.467,0.706,False
BESANCON,107,98.557,255.897,16,0,14.953,249.968,5.929,False
BORDEAUX,266,104.525,257.555,34,0,12.782,257.11,0.444,False
CLERMONT-FERRAND,137,100.766,255.5,11,2,8.029,252.942,2.558,False
CORSE,29,99.597,255.655,11,0,37.931,251.416,4.24,False
CRETEIL,370,98.553,244.023,135,0,36.486,249.962,-5.939,False
DIJON,158,100.44,252.775,22,0,13.924,252.527,0.249,False
GRENOBLE,249,106.366,257.095,29,1,11.647,258.743,-1.648,False
GUADELOUPE,46,92.67,228.189,15,1,32.609,240.154,-11.965,True
GUYANE,33,77.764,195.5,32,2,96.97,203.009,-7.509,False
LA REUNION,78,84.885,235.205,45,0,57.692,222.954,12.252,True
LILLE,325,90.661,242.884,118,1,36.308,236.176,6.709,False
LIMOGES,77,101.218,254.604,7,0,9.091,253.502,1.102,False
LYON,218,101.09,253.094,49,1,22.477,253.345,-0.251,False
MARTINIQUE,43,93.574,231.791,22,0,51.163,241.841,-10.05,True
MAYOTTE,22,71.909,184.455,22,0,100.0,183.598,0.857,False
MONTPELLIER,202,99.321,249.634,32,0,15.842,251.041,-1.407,False
NANCY-METZ,216,96.748,251.637,34,0,15.741,247.245,4.392,False
NANTES,249,100.757,251.482,29,1,11.647,252.93,-1.448,False
NICE,144,101.638,253.604,14,0,9.722,254.008,-0.404,False
NORMANDIE,304,98.096,245.861,56,1,18.421,249.299,-3.437,False
ORLEANS-TOURS,230,98.787,249.661,30,0,13.043,250.296,-0.636,False
PARIS,114,115.682,266.496,30,2,26.316,262.881,3.614,False
POITIERS,158,101.338,251.816,14,0,8.861,253.648,-1.831,False
REIMS,129,93.699,248.205,30,0,23.256,242.069,6.137,False
RENNES,212,104.319,257.476,16,1,7.547,256.91,0.566,False
STRASBOURG,147,99.063,253.404,21,1,14.286,250.684,2.72,False
TOULOUSE,247,105.893,259.32,18,0,7.287,258.349,0.971,False
VERSAILLES,430,108.958,254.843,97,1,22.558,260.585,-5.743,False
