uai,nom,nom_commune,departement,academie,ep,ips,ips_seuil,score_ecart_ips,plage
0631120A,Collège Gérard Philipe,CLERMONT FERRAND,PUY-DE-DOME,CLERMONT-FERRAND,hors EP,71.4,88.8,17.39999999999999,15 à 20 points
0911444A,Collège Montesquieu,EVRY COURCOURONNES,ESSONNE,VERSAILLES,hors EP,71.8,88.8,17.0,15 à 20 points
0342132H,Collège Lucie Aubrac,BEZIERS,HERAULT,MONTPELLIER,hors EP,74.8,88.8,14.0,10 à 15 points
9720052Z,Collège Julia Nicolas,FORT DE FRANCE,MARTINIQUE,MARTINIQUE,hors EP,75.4,88.8,13.399999999999991,10 à 15 points
0340016H,Collège la Dullague,BEZIERS,HERAULT,MONTPELLIER,hors EP,75.8,88.8,13.0,10 à 15 points
0660019M,Collège Saint-Exupéry,PERPIGNAN,PYRENEES-ORIENTALES,MONTPELLIER,hors EP,76.3,88.8,12.5,10 à 15 points
0300947S,Collège Alphonse Daudet,ALES,GARD,MONTPELLIER,hors EP,76.3,88.8,12.5,10 à 15 points
0421681Z,Collège Waldeck Rousseau,FIRMINY,LOIRE,LYON,hors EP,76.4,88.8,12.399999999999991,10 à 15 points
0570069R,Collège Jules Lagneau,METZ,MOSELLE,NANCY-METZ,hors EP,77.3,88.8,11.5,10 à 15 points
0622431F,Collège République,CALAIS,PAS-DE-CALAIS,LILLE,hors EP,77.6,88.8,11.200000000000005,10 à 15 points
0622417R,Collège Michelet,LENS,PAS-DE-CALAIS,LILLE,hors EP,77.7,88.8,11.099999999999994,10 à 15 points
0060045S,Collège Antoine Risso,NICE,ALPES-MARITIMES,NICE,hors EP,77.9,88.8,10.899999999999991,10 à 15 points
0421678W,Collège Honoré d'Urfé,SAINT ETIENNE,LOIRE,LYON,hors EP,78.4,88.8,10.399999999999991,10 à 15 points
0540111C,Collège Jacques Callot,VANDOEUVRE LES NANCY,MEURTHE-ET-MOSELLE,NANCY-METZ,hors EP,78.5,88.8,10.299999999999995,10 à 15 points
0681757R,Collège Anne Frank,ILLZACH,HAUT-RHIN,STRASBOURG,hors EP,78.5,88.8,10.299999999999995,10 à 15 points
9710072B,Collège Jules Michelet,POINTE A PITRE,GUADELOUPE,GUADELOUPE,hors EP,78.6,88.8,10.200000000000005,10 à 15 points
