academie,colleges,classes,part_ep
MAYOTTE,22,22,100.0
GUYANE,33,32,96.97
LA REUNION,78,45,57.69
MARTINIQUE,43,22,51.16
CORSE,29,11,37.93
CRETEIL,370,135,36.49
LILLE,325,118,36.31
GUADELOUPE,46,15,32.61
AIX-MARSEILLE,212,62,29.25
PARIS,114,30,26.32
AMIENS,173,43,24.86
REIMS,129,30,23.26
VERSAILLES,430,97,22.56
LYON,218,49,22.48
NORMANDIE,304,56,18.42
MONTPELLIER,202,32,15.84
NANCY-METZ,216,34,15.74
BESANCON,107,16,14.95
STRASBOURG,147,21,14.29
DIJON,158,22,13.92
ORLEANS-TOURS,230,30,13.04
BORDEAUX,266,34,12.78
GRENOBLE,249,29,11.65
NANTES,249,29,11.65
NICE,144,14,9.72
LIMOGES,77,7,9.09
POITIERS,158,14,8.86
CLERMONT-FERRAND,137,11,8.03
RENNES,212,16,7.55
TOULOUSE,247,18,7.29
