academie,colleges_ips,classes_ips,defavorises_national_ips,ratio_enveloppe_ips,colleges_eval6,classes_eval6,defavorises_national_eval6,ratio_enveloppe_eval6,change_de_cote,fragile
CORSE,29,11,2,5.5,29,11,2,5.5,False,True
PARIS,114,30,6,5.0,112,30,6,5.0,False,False
DIJON,158,22,12,1.83,158,22,16,1.38,False,False
BORDEAUX,266,34,20,1.7,266,34,20,1.7,False,False
TOULOUSE,247,18,12,1.5,247,18,16,1.12,False,False
MARTINIQUE,43,22,15,1.47,43,22,25,0.88,True,False
LIMOGES,77,7,5,1.4,77,7,9,0.78,True,False
POITIERS,158,14,10,1.4,158,14,16,0.88,True,False
GRENOBLE,249,29,22,1.32,248,28,22,1.27,False,False
CLERMONT-FERRAND,137,11,9,1.22,135,11,13,0.85,True,False
VERSAILLES,430,97,82,1.18,429,97,96,1.01,False,False
MAYOTTE,22,22,19,1.16,22,22,22,1.0,True,False
CRETEIL,370,135,117,1.15,370,135,146,0.92,True,False
NORMANDIE,304,56,49,1.14,303,56,69,0.81,True,False
GUYANE,33,32,30,1.07,31,30,30,1.0,True,False
GUADELOUPE,46,15,14,1.07,45,15,34,0.44,True,False
BESANCON,107,16,15,1.07,107,16,8,2.0,False,False
LYON,218,49,50,0.98,217,49,40,1.23,True,False
NANTES,249,29,30,0.97,248,29,41,0.71,False,False
AIX-MARSEILLE,212,62,65,0.95,212,62,57,1.09,True,False
RENNES,212,16,17,0.94,211,16,17,0.94,False,False
LA REUNION,78,45,50,0.9,78,45,44,1.02,True,False
AMIENS,173,43,54,0.8,173,43,52,0.83,False,False
ORLEANS-TOURS,230,30,39,0.77,230,30,39,0.77,False,False
MONTPELLIER,202,32,42,0.76,202,32,44,0.73,False,False
LILLE,325,118,157,0.75,324,118,115,1.03,True,False
NANCY-METZ,216,34,46,0.74,216,34,27,1.26,True,False
REIMS,129,30,42,0.71,129,30,28,1.07,True,False
STRASBOURG,147,21,34,0.62,146,21,22,0.95,False,False
NICE,144,14,29,0.48,144,14,15,0.93,False,False
