code_academie,academie,colleges,places,optimal,ratio,fragile
1,PARIS,114,4,1,4.0,True
2,AIX-MARSEILLE,212,33,34,0.971,False
3,BESANCON,107,4,4,1.0,True
4,BORDEAUX,266,3,1,3.0,True
6,CLERMONT-FERRAND,137,5,5,1.0,False
7,DIJON,158,1,2,0.5,True
8,GRENOBLE,249,4,5,0.8,False
9,LILLE,325,41,54,0.759,False
10,LYON,218,22,22,1.0,False
11,MONTPELLIER,202,16,20,0.8,False
12,NANCY-METZ,216,9,14,0.643,False
13,POITIERS,158,4,3,1.333,True
14,RENNES,212,1,2,0.5,True
15,STRASBOURG,147,12,17,0.706,False
16,TOULOUSE,247,3,3,1.0,True
17,NANTES,249,10,11,0.909,False
18,ORLEANS-TOURS,230,10,10,1.0,False
19,REIMS,129,10,10,1.0,False
20,AMIENS,173,13,15,0.867,False
22,LIMOGES,77,2,2,1.0,True
23,NICE,144,6,6,1.0,False
24,CRETEIL,370,36,28,1.286,False
25,VERSAILLES,430,23,23,1.0,False
27,CORSE,29,1,1,1.0,True
28,LA REUNION,78,21,21,1.0,False
31,MARTINIQUE,43,9,3,3.0,True
32,GUADELOUPE,46,3,2,1.5,True
33,GUYANE,33,32,19,1.684,False
43,MAYOTTE,22,9,14,0.643,False
70,NORMANDIE,304,15,10,1.5,False
