code_departement,departement,etablissements,classes,en_ecart,significatifs,somme_signee_significative,score_total,masse_oublis,masse_sur_inclusions,part_significatifs,score_moyen_significatifs,score_moyen,solde
01,AIN,52,4,1,1,-9.5,9.5,0.0,9.5,1.923,-9.5,0.183,-0.183
02,AISNE,57,15,11,6,24.4,40.4,35.2,5.2,10.526,4.067,0.709,0.526
03,ALLIER,37,6,5,3,-8.3,20.1,3.3,16.8,8.108,-2.767,0.543,-0.365
04,ALPES-DE-HAUTE-PROVENCE,19,1,0,0,0.0,0.0,0.0,0.0,0.0,,0.0,0.0
05,HAUTES-ALPES,14,1,1,1,-6.4,6.4,0.0,6.4,7.143,-6.4,0.457,-0.457
06,ALPES-MARITIMES,73,8,10,4,10.8,38.7,28.9,9.8,5.479,2.7,0.53,0.262
07,ARDECHE,26,2,2,0,0.0,1.7,1.4,0.3,0.0,,0.065,0.042
08,ARDENNES,34,10,5,2,10.3,18.0,18.0,0.0,5.882,5.15,0.529,0.529
09,ARIEGE,14,2,2,1,-4.9,6.0,0.0,6.0,7.143,-4.9,0.429,-0.429
10,AUBE,25,7,1,1,3.4,3.4,3.4,0.0,4.0,3.4,0.136,0.136
11,AUDE,28,2,0,0,0.0,0.0,0.0,0.0,0.0,,0.0,0.0
12,AVEYRON,22,2,1,0,0.0,1.3,0.0,1.3,0.0,,0.059,-0.059
13,BOUCHES-DU-RHONE,138,47,11,8,-0.6,50.5,25.8,24.7,5.797,-0.075,0.366,0.008
14,CALVADOS,57,6,2,1,4.3,6.2,6.2,0.0,1.754,4.3,0.109,0.109
15,CANTAL,22,0,0,0,0.0,0.0,0.0,0.0,0.0,,0.0,0.0
16,CHARENTE,38,4,3,1,4.6,5.0,4.6,0.4,2.632,4.6,0.132,0.111
17,CHARENTE-MARITIME,51,2,1,1,-17.5,17.5,0.0,17.5,1.961,-17.5,0.343,-0.343
18,CHER,26,4,2,1,3.6,4.9,4.9,0.0,3.846,3.6,0.188,0.188
19,CORREZE,25,1,0,0,0.0,0.0,0.0,0.0,0.0,,0.0,0.0
21,COTE D'OR,47,3,1,1,-5.4,5.4,0.0,5.4,2.128,-5.4,0.115,-0.115
22,COTES D'ARMOR,46,3,2,1,-14.0,16.2,2.2,14.0,2.174,-14.0,0.352,-0.257
23,CREUSE,18,1,1,1,-6.4,6.4,0.0,6.4,5.556,-6.4,0.356,-0.356
24,DORDOGNE,38,5,4,4,-31.7,31.7,0.0,31.7,10.526,-7.925,0.834,-0.834
25,DOUBS,44,7,3,1,5.4,6.4,6.4,0.0,2.273,5.4,0.145,0.145
26,DROME,38,8,5,3,-13.8,14.5,0.4,14.1,7.895,-4.6,0.382,-0.361
27,EURE,55,6,6,3,-8.3,19.0,5.0,14.0,5.455,-2.767,0.345,-0.164
28,EURE-ET-LOIR,39,9,4,1,-10.0,13.0,1.2,11.8,2.564,-10.0,0.333,-0.272
29,FINISTERE,62,4,1,0,0.0,2.5,0.0,2.5,0.0,,0.04,-0.04
2A,CORSE-DU-SUD,14,6,5,5,-60.1,60.1,0.0,60.1,35.714,-12.02,4.293,-4.293
2B,HAUTE-CORSE,15,5,4,2,-12.0,14.9,0.0,14.9,13.333,-6.0,0.993,-0.993
30,GARD,53,12,1,1,12.5,12.5,12.5,0.0,1.887,12.5,0.236,0.236
31,HAUTE-GARONNE,102,7,4,2,-19.9,22.1,2.2,19.9,1.961,-9.95,0.217,-0.174
32,GERS,21,0,0,0,0.0,0.0,0.0,0.0,0.0,,0.0,0.0
33,GIRONDE,112,18,11,8,-78.2,93.2,5.7,87.5,7.143,-9.775,0.832,-0.73
34,HERAULT,78,12,5,4,34.6,36.7,36.7,0.0,5.128,8.65,0.471,0.471
35,ILLE-ET-VILAINE,62,7,4,2,3.3,14.6,8.7,5.9,3.226,1.65,0.235,0.045
36,INDRE,27,2,2,0,0.0,3.0,1.4,1.6,0.0,,0.111,-0.007
37,INDRE-ET-LOIRE,53,4,3,1,-5.3,6.7,1.4,5.3,1.887,-5.3,0.126,-0.074
38,ISERE,97,13,3,1,-9.9,10.8,0.0,10.8,1.031,-9.9,0.111,-0.111
39,JURA,27,2,1,0,0.0,0.4,0.0,0.4,0.0,,0.015,-0.015
40,LANDES,39,3,2,2,-8.6,8.6,0.0,8.6,5.128,-4.3,0.221,-0.221
41,LOIR-ET-CHER,27,3,0,0,0.0,0.0,0.0,0.0,0.0,,0.0,0.0
42,LOIRE,50,12,6,3,31.7,35.4,33.6,1.8,6.0,10.567,0.708,0.636
43,HAUTE-LOIRE,22,0,0,0,0.0,0.0,0.0,0.0,0.0,,0.0,0.0
44,LOIRE-ATLANTIQUE,82,10,4,2,-12.2,16.2,0.0,16.2,2.439,-6.1,0.198,-0.198
45,LOIRET,58,8,7,4,22.6,26.8,26.8,0.0,6.897,5.65,0.462,0.462
46,LOT,19,0,0,0,0.0,0.0,0.0,0.0,0.0,,0.0,0.0
47,LOT-ET-GARONNE,28,5,2,0,0.0,3.9,2.3,1.6,0.0,,0.139,0.025
48,LOZERE,12,0,1,1,5.0,5.0,5.0,0.0,8.333,5.0,0.417,0.417
49,MAINE-ET-LOIRE,50,7,7,2,9.6,15.6,14.2,1.4,4.0,4.8,0.312,0.256
50,MANCHE,52,5,3,1,-8.1,12.6,0.0,12.6,1.923,-8.1,0.242,-0.242
51,MARNE,47,9,6,0,0.0,7.3,6.5,0.8,0.0,,0.155,0.121
52,HAUTE-MARNE,23,4,4,1,6.1,11.4,10.4,1.0,4.348,6.1,0.496,0.409
53,MAYENNE,27,1,2,1,3.2,5.0,5.0,0.0,3.704,3.2,0.185,0.185
54,MEURTHE-ET-MOSELLE,66,8,5,3,24.6,28.5,28.5,0.0,4.545,8.2,0.432,0.432
55,MEUSE,22,3,3,0,0.0,2.1,2.1,0.0,0.0,,0.095,0.095
56,MORBIHAN,42,2,3,0,0.0,5.1,2.9,2.2,0.0,,0.121,0.017
57,MOSELLE,90,17,9,5,34.1,38.7,35.7,3.0,5.556,6.82,0.43,0.363
58,NIEVRE,30,6,5,4,-36.4,36.5,0.0,36.5,13.333,-9.1,1.217,-1.217
59,NORD,200,76,30,14,70.5,106.5,93.3,13.2,7.0,5.036,0.532,0.4
60,OISE,66,14,5,3,-6.2,19.8,6.9,12.9,4.545,-2.067,0.3,-0.091
61,ORNE,31,3,3,0,0.0,5.8,3.9,1.9,0.0,,0.187,0.065
62,PAS-DE-CALAIS,125,42,24,11,52.1,78.9,73.7,5.2,8.8,4.736,0.631,0.548
63,PUY-DE-DOME,56,5,3,1,17.4,20.3,18.3,2.0,1.786,17.4,0.362,0.291
64,PYRENEES-ATLANTIQUES,49,3,2,2,-4.4,12.0,3.8,8.2,4.082,-2.2,0.245,-0.09
65,HAUTES-PYRENEES,20,1,1,0,0.0,1.6,0.0,1.6,0.0,,0.08,-0.08
66,PYRENEES-ORIENTALES,31,6,5,1,12.5,16.4,15.5,0.9,3.226,12.5,0.529,0.471
67,BAS-RHIN,90,12,4,3,12.9,14.1,14.1,0.0,3.333,4.3,0.157,0.157
68,HAUT-RHIN,57,9,9,5,31.2,36.6,36.6,0.0,8.772,6.24,0.642,0.642
69,RHONE,116,33,2,2,5.4,13.0,9.2,3.8,1.724,2.7,0.112,0.047
70,HAUTE-SAONE,23,4,2,2,-13.5,13.5,0.0,13.5,8.696,-6.75,0.587,-0.587
71,SAONE-ET-LOIRE,51,7,5,4,-8.6,23.2,6.0,17.2,7.843,-2.15,0.455,-0.22
72,SARTHE,56,7,3,1,4.9,6.5,4.9,1.6,1.786,4.9,0.116,0.059
73,SAVOIE,38,2,1,1,-5.4,5.4,0.0,5.4,2.632,-5.4,0.142,-0.142
74,HAUTE-SAVOIE,50,4,0,0,0.0,0.0,0.0,0.0,0.0,,0.0,0.0
75,PARIS,114,30,24,19,-260.4,269.5,0.0,269.5,16.667,-13.705,2.364,-2.364
76,SEINE-MARITIME,109,36,9,4,-2.8,27.6,8.5,19.1,3.67,-0.7,0.253,-0.097
77,SEINE-ET-MARNE,132,17,11,4,-10.2,24.5,6.9,17.6,3.03,-2.55,0.186,-0.081
78,YVELINES,116,19,4,3,-14.2,15.4,0.0,15.4,2.586,-4.733,0.133,-0.133
79,DEUX-SEVRES,35,4,2,1,-9.7,12.5,0.0,12.5,2.857,-9.7,0.357,-0.357
80,SOMME,50,14,11,2,7.3,17.4,11.4,6.0,4.0,3.65,0.348,0.108
81,TARN,31,4,6,2,13.2,17.7,13.2,4.5,6.452,6.6,0.571,0.281
82,TARN-ET-GARONNE,18,2,2,1,-8.4,10.3,1.9,8.4,5.556,-8.4,0.572,-0.361
83,VAR,71,6,7,3,21.0,24.3,24.3,0.0,4.225,7.0,0.342,0.342
84,VAUCLUSE,41,13,5,1,5.6,12.7,11.0,1.7,2.439,5.6,0.31,0.227
85,VENDEE,34,4,4,3,-25.8,26.0,0.2,25.8,8.824,-8.6,0.765,-0.753
86,VIENNE,34,4,2,1,-11.6,11.8,0.2,11.6,2.941,-11.6,0.347,-0.335
87,HAUTE-VIENNE,34,5,1,1,-10.8,10.8,0.0,10.8,2.941,-10.8,0.318,-0.318
88,VOSGES,38,6,5,4,-19.0,19.9,0.9,19.0,10.526,-4.75,0.524,-0.476
89,YONNE,30,6,3,1,-4.0,8.7,2.1,6.6,3.333,-4.0,0.29,-0.15
90,TERRITOIRE DE BELFORT,13,3,1,1,-12.6,12.6,0.0,12.6,7.692,-12.6,0.969,-0.969
91,ESSONNE,101,22,5,1,17.0,23.5,22.8,0.7,0.99,17.0,0.233,0.219
92,HAUTS-DE-SEINE,99,20,13,7,-51.1,60.6,0.8,59.8,7.071,-7.3,0.612,-0.596
93,SEINE-SAINT-DENIS,130,81,25,12,-41.3,89.9,28.5,61.4,9.231,-3.442,0.692,-0.253
94,VAL-DE-MARNE,108,37,17,9,-41.9,73.1,11.0,62.1,8.333,-4.656,0.677,-0.473
95,VAL-D'OISE,114,36,10,3,-12.0,23.5,7.1,16.4,2.632,-4.0,0.206,-0.082
971,GUADELOUPE,46,15,13,9,7.2,54.8,30.0,24.8,19.565,0.8,1.191,0.113
972,MARTINIQUE,43,22,9,6,-17.9,48.0,13.4,34.6,13.953,-2.983,1.116,-0.493
973,GUYANE,33,32,2,1,-8.0,8.7,0.0,8.7,3.03,-8.0,0.264,-0.264
974,LA REUNION,78,45,9,5,28.4,34.2,29.8,4.4,6.41,5.68,0.438,0.326
976,MAYOTTE,22,22,3,0,0.0,7.6,0.0,7.6,0.0,,0.345,-0.345
