niveau,code_academie,academie,etablissements,classes,sous_seuil_national,sur_incl_forcees,sur_incl_national,sur_incl_academique,oublis_academique,seuil_national,seuil_academique,recouvrement_pct,score_par_place_national,score_par_place_academique
college,10,LYON,218,49,50,0,4,5,5,88.8,87.5,89.8,1.18,1.17
college,20,AMIENS,173,43,54,0,8,12,11,88.8,87.3,72.1,1.8,1.6
college,6,CLERMONT-FERRAND,137,11,9,2,5,4,4,88.8,90.8,63.6,3.67,3.39
college,2,AIX-MARSEILLE,212,62,65,0,7,9,9,88.8,87.5,85.5,1.12,1.09
college,23,NICE,144,14,29,0,1,4,4,88.8,83.9,71.4,4.5,2.26
college,8,GRENOBLE,249,29,22,7,9,5,4,88.8,89.6,82.8,1.12,1.01
college,19,REIMS,129,30,42,0,2,8,7,88.8,86.2,73.3,1.34,0.73
college,16,TOULOUSE,247,18,12,6,11,8,7,88.8,89.9,55.6,3.28,3.06
college,11,MONTPELLIER,202,32,42,0,1,6,5,88.8,84.7,81.2,2.21,1.61
college,70,NORMANDIE,304,56,49,7,14,13,13,88.8,90.0,76.8,1.27,1.2
college,13,POITIERS,158,14,10,4,6,4,3,88.8,90.0,71.4,3.34,3.18
college,18,ORLEANS-TOURS,230,30,38,0,5,6,5,88.8,86.4,80.0,1.81,1.52
college,22,LIMOGES,77,7,5,2,2,2,1,88.8,89.4,71.4,2.46,2.31
college,7,DIJON,158,22,12,10,12,9,8,88.8,92.1,59.1,3.35,2.4
college,14,RENNES,212,16,16,0,5,5,4,88.8,88.3,68.8,2.4,2.4
college,4,BORDEAUX,266,34,19,15,18,13,12,88.8,92.4,61.8,4.39,3.6
college,3,BESANCON,107,16,15,1,4,4,3,88.8,88.9,75.0,2.06,2.05
college,17,NANTES,249,29,29,0,10,10,9,88.8,88.7,65.5,2.39,2.39
college,12,NANCY-METZ,216,34,46,0,5,7,7,88.8,84.8,79.4,2.62,2.17
college,9,LILLE,325,118,155,0,8,19,18,88.8,85.1,83.9,1.57,1.07
college,15,STRASBOURG,147,21,34,0,0,3,3,88.8,82.4,85.7,2.41,0.59
college,1,PARIS,114,30,6,24,24,8,7,88.8,102.0,73.3,8.98,2.46
college,24,CRETEIL,370,135,117,18,35,26,25,88.8,89.6,80.7,1.39,1.34
college,25,VERSAILLES,430,97,82,15,23,14,14,88.8,91.6,85.6,1.27,1.08
college,27,CORSE,29,11,2,9,9,4,3,88.8,96.5,63.6,6.82,2.37
college,32,GUADELOUPE,46,15,14,1,7,6,6,88.8,89.2,60.0,3.65,3.63
college,31,MARTINIQUE,43,22,15,7,8,5,4,88.8,91.5,77.3,2.18,1.66
college,33,GUYANE,33,32,30,2,2,0,0,88.8,96.8,100.0,0.27,0.0
college,28,LA REUNION,78,45,50,0,2,4,3,88.8,83.8,91.1,0.76,0.51
college,43,MAYOTTE,22,22,19,3,3,0,0,88.8,91.8,100.0,0.35,0.0
ecole,10,LYON,1197,173,169,4,59,57,56,86.4,86.5,66.5,3.86,3.85
ecole,20,AMIENS,1031,166,210,0,46,61,59,86.4,84.3,63.3,4.52,4.25
ecole,6,CLERMONT-FERRAND,631,31,43,0,13,14,12,86.4,81.9,54.8,7.03,6.52
ecole,2,AIX-MARSEILLE,954,193,178,15,43,38,37,86.4,87.9,80.3,2.3,2.23
ecole,23,NICE,608,51,76,0,7,15,13,86.4,81.6,70.6,3.46,2.33
ecole,8,GRENOBLE,1527,91,103,0,23,27,26,86.4,85.4,70.3,4.52,4.44
ecole,19,REIMS,633,83,131,0,14,25,25,86.4,81.8,69.9,4.72,3.44
ecole,16,TOULOUSE,1278,66,84,0,21,28,27,86.4,83.4,57.6,5.89,5.48
ecole,11,MONTPELLIER,1022,100,125,0,18,26,25,86.4,82.6,74.0,3.98,3.54
ecole,70,NORMANDIE,1473,143,170,0,47,57,57,86.4,84.8,60.1,4.56,4.44
ecole,13,POITIERS,783,40,52,0,9,13,12,86.4,83.0,67.5,4.69,4.23
ecole,18,ORLEANS-TOURS,1103,82,116,0,9,18,16,86.4,82.2,78.0,2.48,1.75
ecole,22,LIMOGES,330,16,19,0,5,6,5,86.4,84.2,62.5,5.22,5.11
ecole,7,DIJON,842,55,82,0,12,21,20,86.4,81.7,61.8,6.87,5.61
ecole,14,RENNES,1081,56,60,0,25,25,23,86.4,86.0,55.4,7.61,7.59
ecole,4,BORDEAUX,1357,154,76,78,106,79,75,86.4,91.4,48.7,8.28,6.66
ecole,3,BESANCON,625,35,79,0,2,9,8,86.4,77.0,74.3,6.59,2.11
ecole,17,NANTES,1308,93,127,0,30,37,37,86.4,83.3,59.1,5.93,5.38
ecole,12,NANCY-METZ,1121,99,154,0,21,35,35,86.4,82.1,62.6,5.83,4.68
ecole,9,LILLE,1631,393,521,0,62,110,112,86.4,82.7,71.5,3.67,3.04
ecole,15,STRASBOURG,688,53,79,0,4,13,12,86.4,79.0,75.5,4.08,2.57
ecole,1,PARIS,343,116,15,101,100,26,26,86.4,109.0,77.6,15.0,3.54
ecole,24,CRETEIL,1343,414,263,151,178,82,82,86.4,91.8,80.2,3.13,2.05
ecole,25,VERSAILLES,1681,336,181,155,173,69,68,86.4,94.0,79.5,4.13,2.51
ecole,27,CORSE,116,38,11,27,26,12,11,86.4,97.3,68.4,7.57,3.58
ecole,32,GUADELOUPE,155,48,33,15,30,25,22,86.4,88.3,47.9,5.29,5.05
ecole,31,MARTINIQUE,137,70,26,44,46,22,21,86.4,96.1,68.6,7.1,3.62
ecole,33,GUYANE,113,109,84,25,25,1,1,86.4,108.0,99.1,2.03,0.1
ecole,28,LA REUNION,322,182,215,0,23,40,40,86.4,83.5,78.0,2.93,2.63
ecole,43,MAYOTTE,131,131,108,23,23,0,0,86.4,107.4,100.0,1.25,0.0
